{
	"format_version": "1.8.0",
	"animations": {
		"animation.possessed_scientist.idle": {
			"loop": true,
			"animation_length": 1.4167,
			"bones": {
				"head": {
					"rotation": {
						"0.0": [0.65426, 4.95712, 7.52832],
						"0.75": [-1.84574, 4.95712, 7.52832],
						"1.25": [0.65426, 4.95712, 7.52832]
					}
				},
				"left_arm": {
					"rotation": {
						"0.0": [8.86869, -13.32013, -7.43968],
						"0.75": [9.84739, -7.57471, -11.62519],
						"1.25": [8.86869, -13.32013, -7.43968]
					},
					"position": {
						"0.0": [0, 0, 0],
						"0.75": [0, 0.5, 0],
						"1.25": [0, 0, 0]
					}
				},
				"right_arm": {
					"rotation": {
						"0.0": [-3.66073, -24.86563, 2.753],
						"0.75": [-4.81152, -24.68092, 5.49891],
						"1.25": [-3.66073, -24.86563, 2.753]
					},
					"position": {
						"0.0": [0, 0, -1],
						"0.75": [0, 0.5, -1],
						"1.25": [0, 0, -1]
					}
				},
				"left_leg": {
					"rotation": [-5.54913, -16.25281, -8.25554],
					"position": [0, 0, 0]
				},
				"right_leg": {
					"rotation": [17.10967, -3.73171, 11.93845],
					"position": [0, 0, 0]
				},
				"upper_half": {
					"rotation": {
						"0.0": [5.019, -4.98093, -0.43688],
						"0.75": [2.519, -4.98093, -0.43688],
						"1.25": [5.019, -4.98093, -0.43688]
					}
				}
			}
		},
		"animation.possessed_scientist.walk": {
			"loop": true,
			"animation_length": 1.5,
			"blend_weight": 1,
			"bones": {
				"head": {
					"rotation": {
						"0.0": [-21.84574, 4.95712, 7.52832],
						"0.375": [-1.84574, 4.95712, 7.52832],
						"0.75": [-19.34574, 4.95712, 7.52832],
						"1.125": [-20.51609, 52.4213, 5.29675],
						"1.5": [-21.84574, 4.95712, 7.52832]
					}
				},
				"left_arm": {
					"rotation": {
						"0.0": [-22.23386, 12.48243, -12.32288],
						"0.25": [-24.62668, -11.27501, -2.76957],
						"0.75": [10.37332, -11.27501, -2.76957],
						"1.125": [-24.62668, -11.27501, -2.76957],
						"1.5": [-22.23386, 12.48243, -12.32288]
					},
					"position": {
						"0.0": [0, 0, 0],
						"0.25": [0, 0, 0],
						"0.5": [0, 1, 0],
						"0.75": [0, 0, 0],
						"1.125": [0, 0, 0],
						"1.5": [0, 0, 0]
					}
				},
				"right_arm": {
					"rotation": {
						"0.0": [-35.28226, -17.99367, 13.9823],
						"0.25": [-7.45206, 6.79267, 10.67847],
						"0.5": [-7.45206, 6.79267, 10.67847],
						"1.125": [-7.45206, 6.79267, 10.67847],
						"1.5": [-35.28226, -17.99367, 13.9823]
					},
					"position": {
						"0.0": [0, 0, -1],
						"0.25": [0, 1, -1],
						"0.5": [0, 1, -1],
						"1.125": [0, 0, -1],
						"1.5": [0, 0, -1]
					}
				},
				"left_leg": {
					"rotation": {
						"0.0": [-20.54913, -16.25281, -8.25554],
						"0.25": [29.45087, -16.25281, -8.25554],
						"0.5": [-9.64037, 0.7479, 1.06475],
						"0.75": [33.22511, -40.56316, -11.91271],
						"1.0": [-10.54913, -16.25281, -8.25554],
						"1.125": [2.56258, -36.40205, 4.41269],
						"1.25": [27.29881, -19.82167, -1.31626],
						"1.5": [-20.54913, -16.25281, -8.25554]
					},
					"position": {
						"0.0": [0, 0, 0],
						"0.25": [0, 0, 0],
						"0.75": [0, 0, 0],
						"1.125": [0, 0, 0],
						"1.5": [0, 0, 0]
					}
				},
				"right_leg": {
					"rotation": {
						"0.0": [27.10967, -3.73171, 11.93845],
						"0.25": [-2.55397, -3.96933, 6.93278],
						"0.5": [19.91361, -1.19268, 4.87419],
						"0.75": [-0.83812, -4.64402, -15.62175],
						"1.0": [19.23306, -5.39523, 16.66878],
						"1.125": [24.19845, 27.58445, 19.24651],
						"1.25": [-3.20455, -3.46573, 16.94124],
						"1.5": [27.10967, -3.73171, 11.93845]
					},
					"position": {
						"0.0": [0, 0, 0],
						"0.25": [0, 0, 0],
						"0.5": [0, 0, 0],
						"1.125": [0, 0, 0],
						"1.5": [0, 0, 0]
					}
				},
				"upper_half": {
					"rotation": {
						"0.0": [30.06668, 5.85047, 5.81209],
						"0.375": [20.019, -4.98093, -0.43688],
						"0.75": [-4.85662, -20.7832, -7.70769],
						"1.125": [11.38267, -11.96105, 2.03597],
						"1.5": [30.06668, 5.85047, 5.81209]
					}
				}
			}
		},
		"animation.possessed_scientist.attack": {
			"animation_length": 0.5,
			"blend_weight": 0.7,
			"bones": {
				"upper_half": {
					"rotation": {
						"0.0": [0, 0, 0],
						"0.0833": [5.25666, 3.07286, 0.00285],
						"0.125": [10.28174, 0.00002, 0.08474],
						"0.25": [2.5, 10, 0],
						"0.5": [0, 0, 0]
					},
					"position": {
						"0.0": [0, 0, 0],
						"0.125": [0, 0, -1],
						"0.5": [0, 0, 0]
					}
				},
				"head": {
					"rotation": {
						"0.0": [0, 0, 0],
						"0.125": [4.66231, -14.97839, 7.58022],
						"0.5": [0, 0, 0]
					}
				},
				"body": {
					"rotation": {
						"0.0": [0, 0, 0],
						"0.125": [0, 5, 0],
						"0.5": [0, 0, 0]
					}
				},
				"left_arm": {
					"rotation": {
						"0.0": [0, 0, 0],
						"0.125": [-124.97213, -13.85931, 9.82296],
						"0.3333": [-89.50075, 39.08576, -25.81384],
						"0.4167": [0, 0, 0]
					},
					"position": {
						"0.0": [0, 0, 0],
						"0.125": [0, 0, -1],
						"0.25": [-1, 0, -2],
						"0.5": [0, 0, 0]
					}
				},
				"right_arm": {
					"rotation": {
						"0.0": [0, 0, 0],
						"0.125": [10, 0, 5],
						"0.5": [0, 0, 0]
					}
				},
				"left_leg": {
					"rotation": {
						"0.0": [0, 0, 0],
						"0.125": [-10.53286, 2.1, 0.50421],
						"0.5": [0, 0, 0]
					},
					"position": {
						"0.0": [0, 0, 0],
						"0.125": [0, 0, -1],
						"0.5": [0, 0, 0]
					}
				},
				"right_leg": {
					"rotation": {
						"0.0": [0, 0, 0],
						"0.125": [12.5, 0, 0],
						"0.5": [0, 0, 0]
					}
				}
			}
		}
	}
}